Workbook

Sheet READ ME FIRST
A1: MEMS & Sensors — Laboratory 2 spreadsheet template
A3: This does the arithmetic the handout asks for. You still have to take the data,
A4: read the sensitivity off the datasheet, and interpret the result — those are the
A5: assessed parts. This sheet only saves you from retyping formulas.
A7: HOW TO USE IT
A8: 1. Capture with the console, logging the terminal to a .csv file.
A9: 2. Open the .csv and delete everything above the line starting n,t_ms,raw_x...
A10: 3. Copy the five data columns into the 'capture' sheet, starting at A2.
A11: 4. Fill in the yellow configuration cells on 'capture' (M2:N6).
A12: 5. Read the answers off 'results'. Copy them into your pre-lab tables.
A13: 6. Use a FRESH COPY of this file for every capture you take.
A15: THE TWO TRAPS
... A28: the whole laboratory exists to make you write.

Sheet capture
A1: n | B1: t_ms | C1: raw_x | D1: raw_y | E1: raw_z | G1: x (mg) | H1: MA N=4 | I1: MA N=16 | J1: LP alpha | K1: dt (ms) | M1: YOUR CONFIGURATION — fill these in
G2: =IF(C2="","",C2*$N$5) | J2: =IF(C2="","",C2*$N$5) | M2: CTRL1_XL (from the # line) | N2: 0x40
G3: =IF(C3="","",C3*$N$5) | J3: =IF(C3="","",J2+$N$6*(C3*$N$5-J2)) | K3: =IF(B3="","",B3-B2) | M3: ODR set (Hz) | N3: 104
G4: =IF(C4="","",C4*$N$5) | J4: =IF(C4="","",J3+$N$6*(C4*$N$5-J3)) | K4: =IF(B4="","",B4-B3) | M4: LPF2_XL_EN (0 or 1) | N4: 0
G5: =IF(C5="","",C5*$N$5) | H5: =IF(C5="","",AVERAGE(C2:C5)*$N$5) | J5: =IF(C5="","",J4+$N$6*(C5*$N$5-J4)) | K5: =IF(B5="","",B5-B4) | M5: sensitivity (mg/LSB) | N5: 0.061
G6: =IF(C6="","",C6*$N$5) | H6: =IF(C6="","",AVERAGE(C3:C6)*$N$5) | J6: =IF(C6="","",J5+$N$6*(C6*$N$5-J5)) | K6: =IF(B6="","",B6-B5) | M6: alpha for the low-pass | N6: 0.25
G7: =IF(C7="","",C7*$N$5) | H7: =IF(C7="","",AVERAGE(C4:C7)*$N$5) | J7: =IF(C7="","",J6+$N$6*(C7*$N$5-J6)) | K7: =IF(B7="","",B7-B6)
G8: =IF(C8="","",C8*$N$5) | H8: =IF(C8="","",AVERAGE(C5:C8)*$N$5) | J8: =IF(C8="","",J7+$N$6*(C8*$N$5-J7)) | K8: =IF(B8="","",B8-B7) | M8: Paste the capture into A2:E… — n, t_ms, raw_x, raw_y, raw_z
G9: =IF(C9="","",C9*$N$5) | H9: =IF(C9="","",AVERAGE(C6:C9)*$N$5) | J9: =IF(C9="","",J8+$N$6*(C9*$N$5-J8)) | K9: =IF(B9="","",B9-B8) | M9: The columns right of the gap fill themselves.
G10: =IF(C10="","",C10*$N$5) | H10: =IF(C10="","",AVERAGE(C7:C10)*$N$5) | J10: =IF(C10="","",J9+$N$6*(C10*$N$5-J9)) | K10: =IF(B10="","",B10-B9)
G11: =IF(C11="","",C11*$N$5) | H11: =IF(C11="","",AVERAGE(C8:C11)*$N$5) | J11: =IF(C11="","",J10+$N$6*(C11*$N$5-J10)) | K11: =IF(B11="","",B11-B10)
G12: =IF(C12="","",C12*$N$5) | H12: =IF(C12="","",AVERAGE(C9:C12)*$N$5) | J12: =IF(C12="","",J11+$N$6*(C12*$N$5-J11)) | K12: =IF(B12="","",B12-B11)
G13: =IF(C13="","",C13*$N$5) | H13: =IF(C13="","",AVERAGE(C10:C13)*$N$5) | J13: =IF(C13="","",J12+$N$6*(C13*$N$5-J12)) | K13: =IF(B13="","",B13-B12)
G14: =IF(C14="","",C14*$N$5) | H14: =IF(C14="","",AVERAGE(C11:C14)*$N$5) | J14: =IF(C14="","",J13+$N$6*(C14*$N$5-J13)) | K14: =IF(B14="","",B14-B13)
G15: =IF(C15="","",C15*$N$5) | H15: =IF(C15="","",AVERAGE(C12:C15)*$N$5) | J15: =IF(C15="","",J14+$N$6*(C15*$N$5-J14)) | K15: =IF(B15="","",B15-B14)
G16: =IF(C16="","",C16*$N$5) | H16: =IF(C16="","",AVERAGE(C13:C16)*$N$5) | J16: =IF(C16="","",J15+$N$6*(C16*$N$5-J15)) | K16: =IF(B16="","",B16-B15)
G17: =IF(C17="","",C17*$N$5) | H17: =IF(C17="","",AVERAGE(C14:C17)*$N$5) | I17: =IF(C17="","",AVERAGE(C2:C17)*$N$5) | J17: =IF(C17="","",J16+$N$6*(C17*$N$5-J16)) | K17: =IF(B17="","",B17-B16)
G18: =IF(C18="","",C18*$N$5) | H18: =IF(C18="","",AVERAGE(C15:C18)*$N$5) | I18: =IF(C18="","",AVERAGE(C3:C18)*$N$5) | J18: =IF(C18="","",J17+$N$6*(C18*$N$5-J17)) | K18: =IF(B18="","",B18-B17)
G19: =IF(C19="","",C19*$N$5) | H19: =IF(C19="","",AVERAGE(C16:C19)*$N$5) | I19: =IF(C19="","",AVERAGE(C4:C19)*$N$5) | J19: =IF(C19="","",J18+$N$6*(C19*$N$5-J18)) | K19: =IF(B19="","",B19-B18)
G20: =IF(C20="","",C20*$N$5) | H20: =IF(C20="","",AVERAGE(C17:C20)*$N$5) | I20: =IF(C20="","",AVERAGE(C5:C20)*$N$5) | J20: =IF(C20="","",J19+$N$6*(C20*$N$5-J19)) | K20: =IF(B20="","",B20-B19)
G21: =IF(C21="","",C21*$N$5) | H21: =IF(C21="","",AVERAGE(C18:C21)*$N$5) | I21: =IF(C21="","",AVERAGE(C6:C21)*$N$5) | J21: =IF(C21="","",J20+$N$6*(C21*$N$5-J20)) | K21: =IF(B21="","",B21-B20)
G22: =IF(C22="","",C22*$N$5) | H22: =IF(C22="","",AVERAGE(C19:C22)*$N$5) | I22: =IF(C22="","",AVERAGE(C7:C22)*$N$5) | J22: =IF(C22="","",J21+$N$6*(C22*$N$5-J21)) | K22: =IF(B22="","",B22-B21)
G23: =IF(C23="","",C23*$N$5) | H23: =IF(C23="","",AVERAGE(C20:C23)*$N$5) | I23: =IF(C23="","",AVERAGE(C8:C23)*$N$5) | J23: =IF(C23="","",J22+$N$6*(C23*$N$5-J22)) | K23: =IF(B23="","",B23-B22)
G24: =IF(C24="","",C24*$N$5) | H24: =IF(C24="","",AVERAGE(C21:C24)*$N$5) | I24: =IF(C24="","",AVERAGE(C9:C24)*$N$5) | J24: =IF(C24="","",J23+$N$6*(C24*$N$5-J23)) | K24: =IF(B24="","",B24-B23)
G25: =IF(C25="","",C25*$N$5) | H25: =IF(C25="","",AVERAGE(C22:C25)*$N$5) | I25: =IF(C25="","",AVERAGE(C10:C25)*$N$5) | J25: =IF(C25="","",J24+$N$6*(C25*$N$5-J24)) | K25: =IF(B25="","",B25-B24)
G26: =IF(C26="","",C26*$N$5) | H26: =IF(C26="","",AVERAGE(C23:C26)*$N$5) | I26: =IF(C26="","",AVERAGE(C11:C26)*$N$5) | J26: =IF(C26="","",J25+$N$6*(C26*$N$5-J25)) | K26: =IF(B26="","",B26-B25)
G27: =IF(C27="","",C27*$N$5) | H27: =IF(C27="","",AVERAGE(C24:C27)*$N$5) | I27: =IF(C27="","",AVERAGE(C12:C27)*$N$5) | J27: =IF(C27="","",J26+$N$6*(C27*$N$5-J26)) | K27: =IF(B27="","",B27-B26)
G28: =IF(C28="","",C28*$N$5) | H28: =IF(C28="","",AVERAGE(C25:C28)*$N$5) | I28: =IF(C28="","",AVERAGE(C13:C28)*$N$5) | J28: =IF(C28="","",J27+$N$6*(C28*$N$5-J27)) | K28: =IF(B28="","",B28-B27)
... G2001: =IF(C2001="","",C2001*$N$5) | H2001: =IF(C2001="","",AVERAGE(C1998:C2001)*$N$5) | I2001: =IF(C2001="","",AVERAGE(C1986:C2001)*$N$5) | J2001: =IF(C2001="","",J2000+$N$6*(C2001*$N$5-J2000)) | K2001: =IF(B2001="","",B2001-B2000)

Sheet results
A1: STAGE 2 — noise, offset and effective bits
B2: X | C2: Y | D2: Z
A3: mean, codes | B3: =AVERAGE(capture!C2:C2001) | C3: =AVERAGE(capture!D2:D2001) | D3: =AVERAGE(capture!E2:E2001)
A4: mean, mg | B4: =AVERAGE(capture!C2:C2001)*capture!$N$5 | C4: =AVERAGE(capture!D2:D2001)*capture!$N$5 | D4: =AVERAGE(capture!E2:E2001)*capture!$N$5
A5: sigma, codes (= sigma in LSB) | B5: =STDEVP(capture!C2:C2001) | C5: =STDEVP(capture!D2:D2001) | D5: =STDEVP(capture!E2:E2001)
A6: sigma, mg | B6: =STDEVP(capture!C2:C2001)*capture!$N$5 | C6: =STDEVP(capture!D2:D2001)*capture!$N$5 | D6: =STDEVP(capture!E2:E2001)*capture!$N$5
A8: samples in the capture | B8: =COUNT(capture!C2:C2001)
A9: mean vector magnitude, mg | B9: =SQRT(B4^2+C4^2+D4^2) | E9: expect ~1000 mg with the board flat
A10: zero-g offset X, mg | B10: =B4 | E10: datasheet +/-10 mg typ, +/-65 mg max
A11: zero-g offset Y, mg | B11: =C4
A12: bits that are noise = LOG(sigma_LSB,2) | B12: =LOG(B5,2)
A13: EFFECTIVE BITS = 16 - the above | B13: =16-B12 | E13: say this number out loud
A15: STAGE 3 — is sigma what the datasheet predicts?
A16: bandwidth = ODR/2, Hz | B16: =capture!$N$3/2
A17: predicted sigma, typ 60 ug/rtHz, mg | B17: =60*SQRT(B16)/1000
A18: predicted sigma, max 100 ug/rtHz, mg | B18: =100*SQRT(B16)/1000
A19: measured / predicted (max) | B19: =B6/B18
A20: YOUR PART's noise density, ug/rtHz | B20: =B6/SQRT(B16)*1000 | E20: carry this into your stage 3.4 answer
A22: STAGE 4 — the rate you actually got
A23: mean interval, ms | B23: =(INDEX(capture!B:B,COUNT(capture!C2:C2001)+1)-capture!B2)/(COUNT(capture!C2:C2001)-1)
A24: achieved rate, Hz | B24: =1000/B23
A25: ODR you set, Hz | B25: =capture!$N$3
A26: error, % | B26: =(B24-B25)/B25*100
A27: capture duration, s | B27: =B23*(B8-1)/1000
A28: duration if spacing were 1/ODR, s | B28: =B8/B25
A29: TIMING ERROR AT THE END, s | B29: =B27-B28 | E29: is this calibratable afterwards?
A31: STAGE 5 — what filtering bought, and what it cost
B32: sigma (mg) | C32: reduction | D32: predicted
A33: raw | B33: =STDEVP(capture!G2:G2001)
A34: moving average N=4 | B34: =STDEVP(capture!H5:H2001) | C34: =$B$33/B34 | D34: =SQRT(4)
A35: moving average N=16 | B35: =STDEVP(capture!I17:I2001) | C35: =$B$33/B35 | D35: =SQRT(16)
A36: low-pass alpha | B36: =STDEVP(capture!J2:J2001) | C36: =$B$33/B36 | D36: =SQRT((2-capture!$N$6)/capture!$N$6)
A38: bandwidth after MA N=4, Hz | B38: =B16/4 | E38: which native ODR has this bandwidth?
A39: group delay of MA N=4, ms | B39: =1.5/capture!$N$3*1000
A41: THE COMPARISON THAT MATTERS — stage 5.3
A42: sigma of THIS capture averaged by 4, mg | B42: =B34
A43: sigma you measured natively at that bandwidth | B43: 0 | E43: type it in from your stage 3 table
A44: ratio | B44: =IF(B43=0,"fill in B43",B42/B43) | E44: should be ~1.00 — and 5.3 asks you why
